<object-stream>
    <TreeModel id="1">
        <source>Decision Tree</source>
        <root>
            <children class="linked-list" id="3">
                <com.rapidminer.operator.learner.tree.Edge id="4">
                    <condition id="5" class="com.rapidminer.operator.learner.tree.GreaterSplitCondition">
                        <value>0.222222</value>
                        <attributeName>feature14</attributeName>
                    </condition>
                    <child>
                        <children class="linked-list" id="7">
                            <com.rapidminer.operator.learner.tree.Edge id="8">
                                <condition id="9" class="com.rapidminer.operator.learner.tree.GreaterSplitCondition">
                                    <value>12.5</value>
                                    <attributeName>feature1</attributeName>
                                </condition>
                                <child>
                                    <children class="linked-list" id="11">
                                        <com.rapidminer.operator.learner.tree.Edge id="12">
                                            <condition id="13" class="com.rapidminer.operator.learner.tree.LessEqualsSplitCondition">
                                                <value>0.0555555</value>
                                                <attributeName>feature8</attributeName>
                                            </condition>
                                            <child>
                                                <children class="linked-list" id="15">
                                                    <com.rapidminer.operator.learner.tree.Edge id="16">
                                                        <condition id="17" class="com.rapidminer.operator.learner.tree.GreaterSplitCondition">
                                                            <value>7.5</value>
                                                            <attributeName>feature3</attributeName>
                                                        </condition>
                                                        <child>
                                                            <label>coding</label>
                                                            <children />
                                                            <counterMap>
                                                                <entry>
                                                                    <string>coding</string>
                                                                    <int>6</int>
                                                                </entry>
                                                                <entry>
                                                                    <string>noncoding</string>
                                                                    <int>3</int>
                                                                </entry>
                                                            </counterMap>
                                                        </child>
                                                    </com.rapidminer.operator.learner.tree.Edge>
                                                    <com.rapidminer.operator.learner.tree.Edge id="19">
                                                        <condition id="20" class="com.rapidminer.operator.learner.tree.LessEqualsSplitCondition">
                                                            <value>7.5</value>
                                                            <attributeName>feature3</attributeName>
                                                        </condition>
                                                        <child>
                                                            <label>noncoding</label>
                                                            <children />
                                                            <counterMap>
                                                                <entry>
                                                                    <string>coding</string>
                                                                    <int>2</int>
                                                                </entry>
                                                                <entry>
                                                                    <string>noncoding</string>
                                                                    <int>5</int>
                                                                </entry>
                                                            </counterMap>
                                                        </child>
                                                    </com.rapidminer.operator.learner.tree.Edge>
                                                </children>
                                            </child>
                                        </com.rapidminer.operator.learner.tree.Edge>
                                        <com.rapidminer.operator.learner.tree.Edge id="22">
                                            <condition id="23" class="com.rapidminer.operator.learner.tree.GreaterSplitCondition">
                                                <value>0.0555555</value>
                                                <attributeName>feature8</attributeName>
                                            </condition>
                                            <child>
                                                <label>noncoding</label>
                                                <children />
                                                <counterMap>
                                                    <entry>
                                                        <string>coding</string>
                                                        <int>2</int>
                                                    </entry>
                                                    <entry>
                                                        <string>noncoding</string>
                                                        <int>7</int>
                                                    </entry>
                                                </counterMap>
                                            </child>
                                        </com.rapidminer.operator.learner.tree.Edge>
                                    </children>
                                </child>
                            </com.rapidminer.operator.learner.tree.Edge>
                            <com.rapidminer.operator.learner.tree.Edge id="25">
                                <condition id="26" class="com.rapidminer.operator.learner.tree.LessEqualsSplitCondition">
                                    <value>12.5</value>
                                    <attributeName>feature1</attributeName>
                                </condition>
                                <child>
                                    <children class="linked-list" id="28">
                                        <com.rapidminer.operator.learner.tree.Edge id="29">
                                            <condition id="30" class="com.rapidminer.operator.learner.tree.LessEqualsSplitCondition">
                                                <value>0.0555555</value>
                                                <attributeName>feature8</attributeName>
                                            </condition>
                                            <child>
                                                <children class="linked-list" id="32">
                                                    <com.rapidminer.operator.learner.tree.Edge id="33">
                                                        <condition id="34" class="com.rapidminer.operator.learner.tree.LessEqualsSplitCondition">
                                                            <value>7.5</value>
                                                            <attributeName>feature3</attributeName>
                                                        </condition>
                                                        <child>
                                                            <label>coding</label>
                                                            <children />
                                                            <counterMap>
                                                                <entry>
                                                                    <string>coding</string>
                                                                    <int>9</int>
                                                                </entry>
                                                                <entry>
                                                                    <string>noncoding</string>
                                                                    <int>4</int>
                                                                </entry>
                                                            </counterMap>
                                                        </child>
                                                    </com.rapidminer.operator.learner.tree.Edge>
                                                    <com.rapidminer.operator.learner.tree.Edge id="36">
                                                        <condition id="37" class="com.rapidminer.operator.learner.tree.GreaterSplitCondition">
                                                            <value>7.5</value>
                                                            <attributeName>feature3</attributeName>
                                                        </condition>
                                                        <child>
                                                            <label>coding</label>
                                                            <children />
                                                            <counterMap>
                                                                <entry>
                                                                    <string>coding</string>
                                                                    <int>13</int>
                                                                </entry>
                                                                <entry>
                                                                    <string>noncoding</string>
                                                                    <int>2</int>
                                                                </entry>
                                                            </counterMap>
                                                        </child>
                                                    </com.rapidminer.operator.learner.tree.Edge>
                                                </children>
                                            </child>
                                        </com.rapidminer.operator.learner.tree.Edge>
                                        <com.rapidminer.operator.learner.tree.Edge id="39">
                                            <condition id="40" class="com.rapidminer.operator.learner.tree.GreaterSplitCondition">
                                                <value>0.0555555</value>
                                                <attributeName>feature8</attributeName>
                                            </condition>
                                            <child>
                                                <label>coding</label>
                                                <children />
                                                <counterMap>
                                                    <entry>
                                                        <string>coding</string>
                                                        <int>9</int>
                                                    </entry>
                                                    <entry>
                                                        <string>noncoding</string>
                                                        <int>6</int>
                                                    </entry>
                                                </counterMap>
                                            </child>
                                        </com.rapidminer.operator.learner.tree.Edge>
                                    </children>
                                </child>
                            </com.rapidminer.operator.learner.tree.Edge>
                        </children>
                    </child>
                </com.rapidminer.operator.learner.tree.Edge>
                <com.rapidminer.operator.learner.tree.Edge id="42">
                    <condition id="43" class="com.rapidminer.operator.learner.tree.LessEqualsSplitCondition">
                        <value>0.222222</value>
                        <attributeName>feature14</attributeName>
                    </condition>
                    <child>
                        <children class="linked-list" id="45">
                            <com.rapidminer.operator.learner.tree.Edge id="46">
                                <condition id="47" class="com.rapidminer.operator.learner.tree.GreaterSplitCondition">
                                    <value>12.5</value>
                                    <attributeName>feature1</attributeName>
                                </condition>
                                <child>
                                    <children class="linked-list" id="49">
                                        <com.rapidminer.operator.learner.tree.Edge id="50">
                                            <condition id="51" class="com.rapidminer.operator.learner.tree.GreaterSplitCondition">
                                                <value>0.0555555</value>
                                                <attributeName>feature8</attributeName>
                                            </condition>
                                            <child>
                                                <label>noncoding</label>
                                                <children />
                                                <counterMap>
                                                    <entry>
                                                        <string>coding</string>
                                                        <int>0</int>
                                                    </entry>
                                                    <entry>
                                                        <string>noncoding</string>
                                                        <int>13</int>
                                                    </entry>
                                                </counterMap>
                                            </child>
                                        </com.rapidminer.operator.learner.tree.Edge>
                                        <com.rapidminer.operator.learner.tree.Edge id="53">
                                            <condition id="54" class="com.rapidminer.operator.learner.tree.LessEqualsSplitCondition">
                                                <value>0.0555555</value>
                                                <attributeName>feature8</attributeName>
                                            </condition>
                                            <child>
                                                <children class="linked-list" id="56">
                                                    <com.rapidminer.operator.learner.tree.Edge id="57">
                                                        <condition id="58" class="com.rapidminer.operator.learner.tree.LessEqualsSplitCondition">
                                                            <value>7.5</value>
                                                            <attributeName>feature3</attributeName>
                                                        </condition>
                                                        <child>
                                                            <label>noncoding</label>
                                                            <children />
                                                            <counterMap>
                                                                <entry>
                                                                    <string>coding</string>
                                                                    <int>0</int>
                                                                </entry>
                                                                <entry>
                                                                    <string>noncoding</string>
                                                                    <int>11</int>
                                                                </entry>
                                                            </counterMap>
                                                        </child>
                                                    </com.rapidminer.operator.learner.tree.Edge>
                                                    <com.rapidminer.operator.learner.tree.Edge id="60">
                                                        <condition id="61" class="com.rapidminer.operator.learner.tree.GreaterSplitCondition">
                                                            <value>7.5</value>
                                                            <attributeName>feature3</attributeName>
                                                        </condition>
                                                        <child>
                                                            <label>noncoding</label>
                                                            <children />
                                                            <counterMap>
                                                                <entry>
                                                                    <string>coding</string>
                                                                    <int>4</int>
                                                                </entry>
                                                                <entry>
                                                                    <string>noncoding</string>
                                                                    <int>9</int>
                                                                </entry>
                                                            </counterMap>
                                                        </child>
                                                    </com.rapidminer.operator.learner.tree.Edge>
                                                </children>
                                            </child>
                                        </com.rapidminer.operator.learner.tree.Edge>
                                    </children>
                                </child>
                            </com.rapidminer.operator.learner.tree.Edge>
                            <com.rapidminer.operator.learner.tree.Edge id="63">
                                <condition id="64" class="com.rapidminer.operator.learner.tree.LessEqualsSplitCondition">
                                    <value>12.5</value>
                                    <attributeName>feature1</attributeName>
                                </condition>
                                <child>
                                    <children class="linked-list" id="66">
                                        <com.rapidminer.operator.learner.tree.Edge id="67">
                                            <condition id="68" class="com.rapidminer.operator.learner.tree.GreaterSplitCondition">
                                                <value>0.0555555</value>
                                                <attributeName>feature8</attributeName>
                                            </condition>
                                            <child>
                                                <label>noncoding</label>
                                                <children />
                                                <counterMap>
                                                    <entry>
                                                        <string>coding</string>
                                                        <int>7</int>
                                                    </entry>
                                                    <entry>
                                                        <string>noncoding</string>
                                                        <int>12</int>
                                                    </entry>
                                                </counterMap>
                                            </child>
                                        </com.rapidminer.operator.learner.tree.Edge>
                                        <com.rapidminer.operator.learner.tree.Edge id="70">
                                            <condition id="71" class="com.rapidminer.operator.learner.tree.LessEqualsSplitCondition">
                                                <value>0.0555555</value>
                                                <attributeName>feature8</attributeName>
                                            </condition>
                                            <child>
                                                <children class="linked-list" id="73">
                                                    <com.rapidminer.operator.learner.tree.Edge id="74">
                                                        <condition id="75" class="com.rapidminer.operator.learner.tree.GreaterSplitCondition">
                                                            <value>7.5</value>
                                                            <attributeName>feature3</attributeName>
                                                        </condition>
                                                        <child>
                                                            <label>coding</label>
                                                            <children />
                                                            <counterMap>
                                                                <entry>
                                                                    <string>coding</string>
                                                                    <int>11</int>
                                                                </entry>
                                                                <entry>
                                                                    <string>noncoding</string>
                                                                    <int>8</int>
                                                                </entry>
                                                            </counterMap>
                                                        </child>
                                                    </com.rapidminer.operator.learner.tree.Edge>
                                                    <com.rapidminer.operator.learner.tree.Edge id="77">
                                                        <condition id="78" class="com.rapidminer.operator.learner.tree.LessEqualsSplitCondition">
                                                            <value>7.5</value>
                                                            <attributeName>feature3</attributeName>
                                                        </condition>
                                                        <child>
                                                            <label>noncoding</label>
                                                            <children />
                                                            <counterMap>
                                                                <entry>
                                                                    <string>coding</string>
                                                                    <int>7</int>
                                                                </entry>
                                                                <entry>
                                                                    <string>noncoding</string>
                                                                    <int>10</int>
                                                                </entry>
                                                            </counterMap>
                                                        </child>
                                                    </com.rapidminer.operator.learner.tree.Edge>
                                                </children>
                                            </child>
                                        </com.rapidminer.operator.learner.tree.Edge>
                                    </children>
                                </child>
                            </com.rapidminer.operator.learner.tree.Edge>
                        </children>
                    </child>
                </com.rapidminer.operator.learner.tree.Edge>
            </children>
        </root>
        <headerExampleSet id="80">
            <attributes class="SimpleAttributes" id="81">
                <attributes class="linked-list" id="82">
                    <AttributeRole id="84">
                        <special>false</special>
                        <attribute class="NumericalAttribute" id="85">
                            <constructionDescription>feature1</constructionDescription>
                            <attributeDescription id="86">
                                <name>feature1</name>
                                <valueType>3</valueType>
                                <blockType>1</blockType>
                                <defaultValue>0.0</defaultValue>
                                <index>1</index>
                            </attributeDescription>
                            <transformations id="87" />
                            <statistics id="88" class="linked-list" />
                        </attribute>
                    </AttributeRole>
                    <AttributeRole id="90">
                        <special>false</special>
                        <attribute class="NumericalAttribute" id="91">
                            <constructionDescription>feature14</constructionDescription>
                            <attributeDescription id="92">
                                <name>feature14</name>
                                <valueType>3</valueType>
                                <blockType>1</blockType>
                                <defaultValue>0.0</defaultValue>
                                <index>2</index>
                            </attributeDescription>
                            <transformations id="93" />
                            <statistics id="94" class="linked-list" />
                        </attribute>
                    </AttributeRole>
                    <AttributeRole id="96">
                        <special>false</special>
                        <attribute class="NumericalAttribute" id="97">
                            <constructionDescription>feature3</constructionDescription>
                            <attributeDescription id="98">
                                <name>feature3</name>
                                <valueType>3</valueType>
                                <blockType>1</blockType>
                                <defaultValue>0.0</defaultValue>
                                <index>3</index>
                            </attributeDescription>
                            <transformations id="99" />
                            <statistics id="100" class="linked-list" />
                        </attribute>
                    </AttributeRole>
                    <AttributeRole id="102">
                        <special>false</special>
                        <attribute class="NumericalAttribute" id="103">
                            <constructionDescription>feature8</constructionDescription>
                            <attributeDescription id="104">
                                <name>feature8</name>
                                <valueType>3</valueType>
                                <blockType>1</blockType>
                                <defaultValue>0.0</defaultValue>
                                <index>4</index>
                            </attributeDescription>
                            <transformations id="105" />
                            <statistics id="106" class="linked-list" />
                        </attribute>
                    </AttributeRole>
                    <AttributeRole id="108">
                        <special>true</special>
                        <specialName>label</specialName>
                        <attribute class="PolynominalAttribute" id="109">
                            <nominalMapping class="PolynominalMapping" id="111">
                                <symbolToIndexMap id="112">
                                    <entry>
                                        <string>coding</string>
                                        <int>0</int>
                                    </entry>
                                    <entry>
                                        <string>noncoding</string>
                                        <int>1</int>
                                    </entry>
                                </symbolToIndexMap>
                                <indexToSymbolMap id="113">
                                    <string>coding</string>
                                    <string>noncoding</string>
                                </indexToSymbolMap>
                            </nominalMapping>
                            <attributeDescription id="110">
                                <name>classification</name>
                                <valueType>1</valueType>
                                <blockType>1</blockType>
                                <defaultValue>0.0</defaultValue>
                                <index>5</index>
                            </attributeDescription>
                            <transformations id="114" />
                            <statistics id="115" class="linked-list" />
                        </attribute>
                    </AttributeRole>
                </attributes>
            </attributes>
            <statisticsMap id="116" />
            <idMap id="117" />
        </headerExampleSet>
    </TreeModel>
</object-stream>
