<object-stream>
  <TreeModel id="1">
    <root id="2">
      <children class="linked-list" id="3">
        <com.rapidminer.operator.learner.tree.Edge id="4">
          <condition class="com.rapidminer.operator.learner.tree.GreaterSplitCondition" id="5">
            <value>0.0555555</value>
            <attributeName>feature8</attributeName>
          </condition>
          <child id="6">
            <label>noncoding</label>
            <children class="linked-list" id="7"/>
            <counterMap class="linked-hash-map" id="8">
              <entry>
                <string>coding</string>
                <int>0</int>
              </entry>
              <entry>
                <string>noncoding</string>
                <int>4</int>
              </entry>
            </counterMap>
          </child>
        </com.rapidminer.operator.learner.tree.Edge>
        <com.rapidminer.operator.learner.tree.Edge id="9">
          <condition class="com.rapidminer.operator.learner.tree.LessEqualsSplitCondition" id="10">
            <value>0.0555555</value>
            <attributeName>feature8</attributeName>
          </condition>
          <child id="11">
            <children class="linked-list" id="12">
              <com.rapidminer.operator.learner.tree.Edge id="13">
                <condition class="com.rapidminer.operator.learner.tree.GreaterSplitCondition" id="14">
                  <value>7.5</value>
                  <attributeName>feature3</attributeName>
                </condition>
                <child id="15">
                  <label>coding</label>
                  <children class="linked-list" id="16"/>
                  <counterMap class="linked-hash-map" id="17">
                    <entry>
                      <string>coding</string>
                      <int>4</int>
                    </entry>
                    <entry>
                      <string>noncoding</string>
                      <int>0</int>
                    </entry>
                  </counterMap>
                </child>
              </com.rapidminer.operator.learner.tree.Edge>
              <com.rapidminer.operator.learner.tree.Edge id="18">
                <condition class="com.rapidminer.operator.learner.tree.LessEqualsSplitCondition" id="19">
                  <value>7.5</value>
                  <attributeName>feature3</attributeName>
                </condition>
                <child id="20">
                  <label>noncoding</label>
                  <children class="linked-list" id="21"/>
                  <counterMap class="linked-hash-map" id="22">
                    <entry>
                      <string>coding</string>
                      <int>0</int>
                    </entry>
                    <entry>
                      <string>noncoding</string>
                      <int>2</int>
                    </entry>
                  </counterMap>
                </child>
              </com.rapidminer.operator.learner.tree.Edge>
            </children>
            <counterMap class="linked-hash-map" id="23"/>
          </child>
        </com.rapidminer.operator.learner.tree.Edge>
      </children>
      <counterMap class="linked-hash-map" id="24"/>
    </root>
    <headerExampleSet id="25">
      <attributes class="SimpleAttributes" id="26">
        <attributes class="linked-list" id="27">
          <AttributeRole id="28">
            <special>false</special>
            <attribute class="NumericalAttribute" id="29">
              <attributeDescription id="30">
                <name>feature1</name>
                <valueType>3</valueType>
                <blockType>1</blockType>
                <defaultValue>0.0</defaultValue>
                <index>1</index>
              </attributeDescription>
              <transformations id="31"/>
              <statistics class="linked-list" id="32">
                <NumericalStatistics id="33">
                  <sum>0.0</sum>
                  <squaredSum>0.0</squaredSum>
                  <valueCounter>0</valueCounter>
                </NumericalStatistics>
                <WeightedNumericalStatistics id="34">
                  <sum>0.0</sum>
                  <squaredSum>0.0</squaredSum>
                  <totalWeight>0.0</totalWeight>
                  <count>0.0</count>
                </WeightedNumericalStatistics>
                <com.rapidminer.example.MinMaxStatistics id="35">
                  <minimum>Infinity</minimum>
                  <maximum>-Infinity</maximum>
                </com.rapidminer.example.MinMaxStatistics>
                <UnknownStatistics id="36">
                  <unknownCounter>0</unknownCounter>
                </UnknownStatistics>
              </statistics>
              <constructionDescription>feature1</constructionDescription>
            </attribute>
          </AttributeRole>
          <AttributeRole id="37">
            <special>false</special>
            <attribute class="NumericalAttribute" id="38">
              <attributeDescription id="39">
                <name>feature2</name>
                <valueType>3</valueType>
                <blockType>1</blockType>
                <defaultValue>0.0</defaultValue>
                <index>2</index>
              </attributeDescription>
              <transformations id="40"/>
              <statistics class="linked-list" id="41">
                <NumericalStatistics id="42">
                  <sum>0.0</sum>
                  <squaredSum>0.0</squaredSum>
                  <valueCounter>0</valueCounter>
                </NumericalStatistics>
                <WeightedNumericalStatistics id="43">
                  <sum>0.0</sum>
                  <squaredSum>0.0</squaredSum>
                  <totalWeight>0.0</totalWeight>
                  <count>0.0</count>
                </WeightedNumericalStatistics>
                <com.rapidminer.example.MinMaxStatistics id="44">
                  <minimum>Infinity</minimum>
                  <maximum>-Infinity</maximum>
                </com.rapidminer.example.MinMaxStatistics>
                <UnknownStatistics id="45">
                  <unknownCounter>0</unknownCounter>
                </UnknownStatistics>
              </statistics>
              <constructionDescription>feature2</constructionDescription>
            </attribute>
          </AttributeRole>
          <AttributeRole id="46">
            <special>false</special>
            <attribute class="NumericalAttribute" id="47">
              <attributeDescription id="48">
                <name>feature3</name>
                <valueType>3</valueType>
                <blockType>1</blockType>
                <defaultValue>0.0</defaultValue>
                <index>3</index>
              </attributeDescription>
              <transformations id="49"/>
              <statistics class="linked-list" id="50">
                <NumericalStatistics id="51">
                  <sum>0.0</sum>
                  <squaredSum>0.0</squaredSum>
                  <valueCounter>0</valueCounter>
                </NumericalStatistics>
                <WeightedNumericalStatistics id="52">
                  <sum>0.0</sum>
                  <squaredSum>0.0</squaredSum>
                  <totalWeight>0.0</totalWeight>
                  <count>0.0</count>
                </WeightedNumericalStatistics>
                <com.rapidminer.example.MinMaxStatistics id="53">
                  <minimum>Infinity</minimum>
                  <maximum>-Infinity</maximum>
                </com.rapidminer.example.MinMaxStatistics>
                <UnknownStatistics id="54">
                  <unknownCounter>0</unknownCounter>
                </UnknownStatistics>
              </statistics>
              <constructionDescription>feature3</constructionDescription>
            </attribute>
          </AttributeRole>
          <AttributeRole id="55">
            <special>false</special>
            <attribute class="NumericalAttribute" id="56">
              <attributeDescription id="57">
                <name>feature4</name>
                <valueType>3</valueType>
                <blockType>1</blockType>
                <defaultValue>0.0</defaultValue>
                <index>4</index>
              </attributeDescription>
              <transformations id="58"/>
              <statistics class="linked-list" id="59">
                <NumericalStatistics id="60">
                  <sum>0.0</sum>
                  <squaredSum>0.0</squaredSum>
                  <valueCounter>0</valueCounter>
                </NumericalStatistics>
                <WeightedNumericalStatistics id="61">
                  <sum>0.0</sum>
                  <squaredSum>0.0</squaredSum>
                  <totalWeight>0.0</totalWeight>
                  <count>0.0</count>
                </WeightedNumericalStatistics>
                <com.rapidminer.example.MinMaxStatistics id="62">
                  <minimum>Infinity</minimum>
                  <maximum>-Infinity</maximum>
                </com.rapidminer.example.MinMaxStatistics>
                <UnknownStatistics id="63">
                  <unknownCounter>0</unknownCounter>
                </UnknownStatistics>
              </statistics>
              <constructionDescription>feature4</constructionDescription>
            </attribute>
          </AttributeRole>
          <AttributeRole id="64">
            <special>false</special>
            <attribute class="NumericalAttribute" id="65">
              <attributeDescription id="66">
                <name>feature5</name>
                <valueType>4</valueType>
                <blockType>1</blockType>
                <defaultValue>0.0</defaultValue>
                <index>5</index>
              </attributeDescription>
              <transformations id="67"/>
              <statistics class="linked-list" id="68">
                <NumericalStatistics id="69">
                  <sum>0.0</sum>
                  <squaredSum>0.0</squaredSum>
                  <valueCounter>0</valueCounter>
                </NumericalStatistics>
                <WeightedNumericalStatistics id="70">
                  <sum>0.0</sum>
                  <squaredSum>0.0</squaredSum>
                  <totalWeight>0.0</totalWeight>
                  <count>0.0</count>
                </WeightedNumericalStatistics>
                <com.rapidminer.example.MinMaxStatistics id="71">
                  <minimum>Infinity</minimum>
                  <maximum>-Infinity</maximum>
                </com.rapidminer.example.MinMaxStatistics>
                <UnknownStatistics id="72">
                  <unknownCounter>0</unknownCounter>
                </UnknownStatistics>
              </statistics>
              <constructionDescription>feature5</constructionDescription>
            </attribute>
          </AttributeRole>
          <AttributeRole id="73">
            <special>false</special>
            <attribute class="NumericalAttribute" id="74">
              <attributeDescription id="75">
                <name>feature6</name>
                <valueType>4</valueType>
                <blockType>1</blockType>
                <defaultValue>0.0</defaultValue>
                <index>6</index>
              </attributeDescription>
              <transformations id="76"/>
              <statistics class="linked-list" id="77">
                <NumericalStatistics id="78">
                  <sum>0.0</sum>
                  <squaredSum>0.0</squaredSum>
                  <valueCounter>0</valueCounter>
                </NumericalStatistics>
                <WeightedNumericalStatistics id="79">
                  <sum>0.0</sum>
                  <squaredSum>0.0</squaredSum>
                  <totalWeight>0.0</totalWeight>
                  <count>0.0</count>
                </WeightedNumericalStatistics>
                <com.rapidminer.example.MinMaxStatistics id="80">
                  <minimum>Infinity</minimum>
                  <maximum>-Infinity</maximum>
                </com.rapidminer.example.MinMaxStatistics>
                <UnknownStatistics id="81">
                  <unknownCounter>0</unknownCounter>
                </UnknownStatistics>
              </statistics>
              <constructionDescription>feature6</constructionDescription>
            </attribute>
          </AttributeRole>
          <AttributeRole id="82">
            <special>false</special>
            <attribute class="NumericalAttribute" id="83">
              <attributeDescription id="84">
                <name>feature7</name>
                <valueType>4</valueType>
                <blockType>1</blockType>
                <defaultValue>0.0</defaultValue>
                <index>7</index>
              </attributeDescription>
              <transformations id="85"/>
              <statistics class="linked-list" id="86">
                <NumericalStatistics id="87">
                  <sum>0.0</sum>
                  <squaredSum>0.0</squaredSum>
                  <valueCounter>0</valueCounter>
                </NumericalStatistics>
                <WeightedNumericalStatistics id="88">
                  <sum>0.0</sum>
                  <squaredSum>0.0</squaredSum>
                  <totalWeight>0.0</totalWeight>
                  <count>0.0</count>
                </WeightedNumericalStatistics>
                <com.rapidminer.example.MinMaxStatistics id="89">
                  <minimum>Infinity</minimum>
                  <maximum>-Infinity</maximum>
                </com.rapidminer.example.MinMaxStatistics>
                <UnknownStatistics id="90">
                  <unknownCounter>0</unknownCounter>
                </UnknownStatistics>
              </statistics>
              <constructionDescription>feature7</constructionDescription>
            </attribute>
          </AttributeRole>
          <AttributeRole id="91">
            <special>false</special>
            <attribute class="NumericalAttribute" id="92">
              <attributeDescription id="93">
                <name>feature8</name>
                <valueType>4</valueType>
                <blockType>1</blockType>
                <defaultValue>0.0</defaultValue>
                <index>8</index>
              </attributeDescription>
              <transformations id="94"/>
              <statistics class="linked-list" id="95">
                <NumericalStatistics id="96">
                  <sum>0.0</sum>
                  <squaredSum>0.0</squaredSum>
                  <valueCounter>0</valueCounter>
                </NumericalStatistics>
                <WeightedNumericalStatistics id="97">
                  <sum>0.0</sum>
                  <squaredSum>0.0</squaredSum>
                  <totalWeight>0.0</totalWeight>
                  <count>0.0</count>
                </WeightedNumericalStatistics>
                <com.rapidminer.example.MinMaxStatistics id="98">
                  <minimum>Infinity</minimum>
                  <maximum>-Infinity</maximum>
                </com.rapidminer.example.MinMaxStatistics>
                <UnknownStatistics id="99">
                  <unknownCounter>0</unknownCounter>
                </UnknownStatistics>
              </statistics>
              <constructionDescription>feature8</constructionDescription>
            </attribute>
          </AttributeRole>
          <AttributeRole id="100">
            <special>false</special>
            <attribute class="NumericalAttribute" id="101">
              <attributeDescription id="102">
                <name>feature9</name>
                <valueType>4</valueType>
                <blockType>1</blockType>
                <defaultValue>0.0</defaultValue>
                <index>9</index>
              </attributeDescription>
              <transformations id="103"/>
              <statistics class="linked-list" id="104">
                <NumericalStatistics id="105">
                  <sum>0.0</sum>
                  <squaredSum>0.0</squaredSum>
                  <valueCounter>0</valueCounter>
                </NumericalStatistics>
                <WeightedNumericalStatistics id="106">
                  <sum>0.0</sum>
                  <squaredSum>0.0</squaredSum>
                  <totalWeight>0.0</totalWeight>
                  <count>0.0</count>
                </WeightedNumericalStatistics>
                <com.rapidminer.example.MinMaxStatistics id="107">
                  <minimum>Infinity</minimum>
                  <maximum>-Infinity</maximum>
                </com.rapidminer.example.MinMaxStatistics>
                <UnknownStatistics id="108">
                  <unknownCounter>0</unknownCounter>
                </UnknownStatistics>
              </statistics>
              <constructionDescription>feature9</constructionDescription>
            </attribute>
          </AttributeRole>
          <AttributeRole id="109">
            <special>false</special>
            <attribute class="NumericalAttribute" id="110">
              <attributeDescription id="111">
                <name>feature10</name>
                <valueType>4</valueType>
                <blockType>1</blockType>
                <defaultValue>0.0</defaultValue>
                <index>10</index>
              </attributeDescription>
              <transformations id="112"/>
              <statistics class="linked-list" id="113">
                <NumericalStatistics id="114">
                  <sum>0.0</sum>
                  <squaredSum>0.0</squaredSum>
                  <valueCounter>0</valueCounter>
                </NumericalStatistics>
                <WeightedNumericalStatistics id="115">
                  <sum>0.0</sum>
                  <squaredSum>0.0</squaredSum>
                  <totalWeight>0.0</totalWeight>
                  <count>0.0</count>
                </WeightedNumericalStatistics>
                <com.rapidminer.example.MinMaxStatistics id="116">
                  <minimum>Infinity</minimum>
                  <maximum>-Infinity</maximum>
                </com.rapidminer.example.MinMaxStatistics>
                <UnknownStatistics id="117">
                  <unknownCounter>0</unknownCounter>
                </UnknownStatistics>
              </statistics>
              <constructionDescription>feature10</constructionDescription>
            </attribute>
          </AttributeRole>
          <AttributeRole id="118">
            <special>false</special>
            <attribute class="NumericalAttribute" id="119">
              <attributeDescription id="120">
                <name>feature11</name>
                <valueType>4</valueType>
                <blockType>1</blockType>
                <defaultValue>0.0</defaultValue>
                <index>11</index>
              </attributeDescription>
              <transformations id="121"/>
              <statistics class="linked-list" id="122">
                <NumericalStatistics id="123">
                  <sum>0.0</sum>
                  <squaredSum>0.0</squaredSum>
                  <valueCounter>0</valueCounter>
                </NumericalStatistics>
                <WeightedNumericalStatistics id="124">
                  <sum>0.0</sum>
                  <squaredSum>0.0</squaredSum>
                  <totalWeight>0.0</totalWeight>
                  <count>0.0</count>
                </WeightedNumericalStatistics>
                <com.rapidminer.example.MinMaxStatistics id="125">
                  <minimum>Infinity</minimum>
                  <maximum>-Infinity</maximum>
                </com.rapidminer.example.MinMaxStatistics>
                <UnknownStatistics id="126">
                  <unknownCounter>0</unknownCounter>
                </UnknownStatistics>
              </statistics>
              <constructionDescription>feature11</constructionDescription>
            </attribute>
          </AttributeRole>
          <AttributeRole id="127">
            <special>false</special>
            <attribute class="NumericalAttribute" id="128">
              <attributeDescription id="129">
                <name>feature12</name>
                <valueType>4</valueType>
                <blockType>1</blockType>
                <defaultValue>0.0</defaultValue>
                <index>12</index>
              </attributeDescription>
              <transformations id="130"/>
              <statistics class="linked-list" id="131">
                <NumericalStatistics id="132">
                  <sum>0.0</sum>
                  <squaredSum>0.0</squaredSum>
                  <valueCounter>0</valueCounter>
                </NumericalStatistics>
                <WeightedNumericalStatistics id="133">
                  <sum>0.0</sum>
                  <squaredSum>0.0</squaredSum>
                  <totalWeight>0.0</totalWeight>
                  <count>0.0</count>
                </WeightedNumericalStatistics>
                <com.rapidminer.example.MinMaxStatistics id="134">
                  <minimum>Infinity</minimum>
                  <maximum>-Infinity</maximum>
                </com.rapidminer.example.MinMaxStatistics>
                <UnknownStatistics id="135">
                  <unknownCounter>0</unknownCounter>
                </UnknownStatistics>
              </statistics>
              <constructionDescription>feature12</constructionDescription>
            </attribute>
          </AttributeRole>
          <AttributeRole id="136">
            <special>false</special>
            <attribute class="NumericalAttribute" id="137">
              <attributeDescription id="138">
                <name>feature13</name>
                <valueType>4</valueType>
                <blockType>1</blockType>
                <defaultValue>0.0</defaultValue>
                <index>13</index>
              </attributeDescription>
              <transformations id="139"/>
              <statistics class="linked-list" id="140">
                <NumericalStatistics id="141">
                  <sum>0.0</sum>
                  <squaredSum>0.0</squaredSum>
                  <valueCounter>0</valueCounter>
                </NumericalStatistics>
                <WeightedNumericalStatistics id="142">
                  <sum>0.0</sum>
                  <squaredSum>0.0</squaredSum>
                  <totalWeight>0.0</totalWeight>
                  <count>0.0</count>
                </WeightedNumericalStatistics>
                <com.rapidminer.example.MinMaxStatistics id="143">
                  <minimum>Infinity</minimum>
                  <maximum>-Infinity</maximum>
                </com.rapidminer.example.MinMaxStatistics>
                <UnknownStatistics id="144">
                  <unknownCounter>0</unknownCounter>
                </UnknownStatistics>
              </statistics>
              <constructionDescription>feature13</constructionDescription>
            </attribute>
          </AttributeRole>
          <AttributeRole id="145">
            <special>false</special>
            <attribute class="NumericalAttribute" id="146">
              <attributeDescription id="147">
                <name>feature14</name>
                <valueType>4</valueType>
                <blockType>1</blockType>
                <defaultValue>0.0</defaultValue>
                <index>14</index>
              </attributeDescription>
              <transformations id="148"/>
              <statistics class="linked-list" id="149">
                <NumericalStatistics id="150">
                  <sum>0.0</sum>
                  <squaredSum>0.0</squaredSum>
                  <valueCounter>0</valueCounter>
                </NumericalStatistics>
                <WeightedNumericalStatistics id="151">
                  <sum>0.0</sum>
                  <squaredSum>0.0</squaredSum>
                  <totalWeight>0.0</totalWeight>
                  <count>0.0</count>
                </WeightedNumericalStatistics>
                <com.rapidminer.example.MinMaxStatistics id="152">
                  <minimum>Infinity</minimum>
                  <maximum>-Infinity</maximum>
                </com.rapidminer.example.MinMaxStatistics>
                <UnknownStatistics id="153">
                  <unknownCounter>0</unknownCounter>
                </UnknownStatistics>
              </statistics>
              <constructionDescription>feature14</constructionDescription>
            </attribute>
          </AttributeRole>
          <AttributeRole id="154">
            <special>false</special>
            <attribute class="NumericalAttribute" id="155">
              <attributeDescription id="156">
                <name>feature15</name>
                <valueType>4</valueType>
                <blockType>1</blockType>
                <defaultValue>0.0</defaultValue>
                <index>15</index>
              </attributeDescription>
              <transformations id="157"/>
              <statistics class="linked-list" id="158">
                <NumericalStatistics id="159">
                  <sum>0.0</sum>
                  <squaredSum>0.0</squaredSum>
                  <valueCounter>0</valueCounter>
                </NumericalStatistics>
                <WeightedNumericalStatistics id="160">
                  <sum>0.0</sum>
                  <squaredSum>0.0</squaredSum>
                  <totalWeight>0.0</totalWeight>
                  <count>0.0</count>
                </WeightedNumericalStatistics>
                <com.rapidminer.example.MinMaxStatistics id="161">
                  <minimum>Infinity</minimum>
                  <maximum>-Infinity</maximum>
                </com.rapidminer.example.MinMaxStatistics>
                <UnknownStatistics id="162">
                  <unknownCounter>0</unknownCounter>
                </UnknownStatistics>
              </statistics>
              <constructionDescription>feature15</constructionDescription>
            </attribute>
          </AttributeRole>
          <AttributeRole id="163">
            <special>false</special>
            <attribute class="NumericalAttribute" id="164">
              <attributeDescription id="165">
                <name>feature16</name>
                <valueType>4</valueType>
                <blockType>1</blockType>
                <defaultValue>0.0</defaultValue>
                <index>16</index>
              </attributeDescription>
              <transformations id="166"/>
              <statistics class="linked-list" id="167">
                <NumericalStatistics id="168">
                  <sum>0.0</sum>
                  <squaredSum>0.0</squaredSum>
                  <valueCounter>0</valueCounter>
                </NumericalStatistics>
                <WeightedNumericalStatistics id="169">
                  <sum>0.0</sum>
                  <squaredSum>0.0</squaredSum>
                  <totalWeight>0.0</totalWeight>
                  <count>0.0</count>
                </WeightedNumericalStatistics>
                <com.rapidminer.example.MinMaxStatistics id="170">
                  <minimum>Infinity</minimum>
                  <maximum>-Infinity</maximum>
                </com.rapidminer.example.MinMaxStatistics>
                <UnknownStatistics id="171">
                  <unknownCounter>0</unknownCounter>
                </UnknownStatistics>
              </statistics>
              <constructionDescription>feature16</constructionDescription>
            </attribute>
          </AttributeRole>
          <AttributeRole id="172">
            <special>false</special>
            <attribute class="NumericalAttribute" id="173">
              <attributeDescription id="174">
                <name>feature17</name>
                <valueType>4</valueType>
                <blockType>1</blockType>
                <defaultValue>0.0</defaultValue>
                <index>17</index>
              </attributeDescription>
              <transformations id="175"/>
              <statistics class="linked-list" id="176">
                <NumericalStatistics id="177">
                  <sum>0.0</sum>
                  <squaredSum>0.0</squaredSum>
                  <valueCounter>0</valueCounter>
                </NumericalStatistics>
                <WeightedNumericalStatistics id="178">
                  <sum>0.0</sum>
                  <squaredSum>0.0</squaredSum>
                  <totalWeight>0.0</totalWeight>
                  <count>0.0</count>
                </WeightedNumericalStatistics>
                <com.rapidminer.example.MinMaxStatistics id="179">
                  <minimum>Infinity</minimum>
                  <maximum>-Infinity</maximum>
                </com.rapidminer.example.MinMaxStatistics>
                <UnknownStatistics id="180">
                  <unknownCounter>0</unknownCounter>
                </UnknownStatistics>
              </statistics>
              <constructionDescription>feature17</constructionDescription>
            </attribute>
          </AttributeRole>
          <AttributeRole id="181">
            <special>false</special>
            <attribute class="NumericalAttribute" id="182">
              <attributeDescription id="183">
                <name>feature18</name>
                <valueType>4</valueType>
                <blockType>1</blockType>
                <defaultValue>0.0</defaultValue>
                <index>18</index>
              </attributeDescription>
              <transformations id="184"/>
              <statistics class="linked-list" id="185">
                <NumericalStatistics id="186">
                  <sum>0.0</sum>
                  <squaredSum>0.0</squaredSum>
                  <valueCounter>0</valueCounter>
                </NumericalStatistics>
                <WeightedNumericalStatistics id="187">
                  <sum>0.0</sum>
                  <squaredSum>0.0</squaredSum>
                  <totalWeight>0.0</totalWeight>
                  <count>0.0</count>
                </WeightedNumericalStatistics>
                <com.rapidminer.example.MinMaxStatistics id="188">
                  <minimum>Infinity</minimum>
                  <maximum>-Infinity</maximum>
                </com.rapidminer.example.MinMaxStatistics>
                <UnknownStatistics id="189">
                  <unknownCounter>0</unknownCounter>
                </UnknownStatistics>
              </statistics>
              <constructionDescription>feature18</constructionDescription>
            </attribute>
          </AttributeRole>
          <AttributeRole id="190">
            <special>false</special>
            <attribute class="NumericalAttribute" id="191">
              <attributeDescription id="192">
                <name>feature19</name>
                <valueType>4</valueType>
                <blockType>1</blockType>
                <defaultValue>0.0</defaultValue>
                <index>19</index>
              </attributeDescription>
              <transformations id="193"/>
              <statistics class="linked-list" id="194">
                <NumericalStatistics id="195">
                  <sum>0.0</sum>
                  <squaredSum>0.0</squaredSum>
                  <valueCounter>0</valueCounter>
                </NumericalStatistics>
                <WeightedNumericalStatistics id="196">
                  <sum>0.0</sum>
                  <squaredSum>0.0</squaredSum>
                  <totalWeight>0.0</totalWeight>
                  <count>0.0</count>
                </WeightedNumericalStatistics>
                <com.rapidminer.example.MinMaxStatistics id="197">
                  <minimum>Infinity</minimum>
                  <maximum>-Infinity</maximum>
                </com.rapidminer.example.MinMaxStatistics>
                <UnknownStatistics id="198">
                  <unknownCounter>0</unknownCounter>
                </UnknownStatistics>
              </statistics>
              <constructionDescription>feature19</constructionDescription>
            </attribute>
          </AttributeRole>
          <AttributeRole id="199">
            <special>false</special>
            <attribute class="NumericalAttribute" id="200">
              <attributeDescription id="201">
                <name>feature20</name>
                <valueType>4</valueType>
                <blockType>1</blockType>
                <defaultValue>0.0</defaultValue>
                <index>20</index>
              </attributeDescription>
              <transformations id="202"/>
              <statistics class="linked-list" id="203">
                <NumericalStatistics id="204">
                  <sum>0.0</sum>
                  <squaredSum>0.0</squaredSum>
                  <valueCounter>0</valueCounter>
                </NumericalStatistics>
                <WeightedNumericalStatistics id="205">
                  <sum>0.0</sum>
                  <squaredSum>0.0</squaredSum>
                  <totalWeight>0.0</totalWeight>
                  <count>0.0</count>
                </WeightedNumericalStatistics>
                <com.rapidminer.example.MinMaxStatistics id="206">
                  <minimum>Infinity</minimum>
                  <maximum>-Infinity</maximum>
                </com.rapidminer.example.MinMaxStatistics>
                <UnknownStatistics id="207">
                  <unknownCounter>0</unknownCounter>
                </UnknownStatistics>
              </statistics>
              <constructionDescription>feature20</constructionDescription>
            </attribute>
          </AttributeRole>
          <AttributeRole id="208">
            <special>true</special>
            <specialName>label</specialName>
            <attribute class="PolynominalAttribute" id="209">
              <nominalMapping class="PolynominalMapping" id="210">
                <symbolToIndexMap id="211">
                  <entry>
                    <string>noncoding</string>
                    <int>1</int>
                  </entry>
                  <entry>
                    <string>coding</string>
                    <int>0</int>
                  </entry>
                </symbolToIndexMap>
                <indexToSymbolMap id="212">
                  <string>coding</string>
                  <string>noncoding</string>
                </indexToSymbolMap>
              </nominalMapping>
              <attributeDescription id="213">
                <name>classification</name>
                <valueType>1</valueType>
                <blockType>1</blockType>
                <defaultValue>0.0</defaultValue>
                <index>21</index>
              </attributeDescription>
              <transformations id="214"/>
              <statistics class="linked-list" id="215">
                <NominalStatistics id="216">
                  <mode>1</mode>
                  <maxCounter>6</maxCounter>
                  <scores id="217">
                    <long>4</long>
                    <long>6</long>
                  </scores>
                </NominalStatistics>
                <UnknownStatistics id="218">
                  <unknownCounter>0</unknownCounter>
                </UnknownStatistics>
              </statistics>
              <constructionDescription>classification</constructionDescription>
            </attribute>
          </AttributeRole>
        </attributes>
      </attributes>
      <statisticsMap id="219"/>
      <idMap id="220"/>
    </headerExampleSet>
    <source>Decision Tree (3)</source>
  </TreeModel>
</object-stream>