<object-stream>
  <TreeModel id="1">
    <root id="2">
      <children class="linked-list" id="3">
        <com.rapidminer.operator.learner.tree.Edge id="4">
          <condition class="com.rapidminer.operator.learner.tree.GreaterSplitCondition" id="5">
            <value>0.222222</value>
            <attributeName>feature14</attributeName>
          </condition>
          <child id="6">
            <label>coding</label>
            <children class="linked-list" id="7"/>
            <counterMap class="linked-hash-map" id="8">
              <entry>
                <string>coding</string>
                <int>2</int>
              </entry>
              <entry>
                <string>noncoding</string>
                <int>1</int>
              </entry>
            </counterMap>
          </child>
        </com.rapidminer.operator.learner.tree.Edge>
        <com.rapidminer.operator.learner.tree.Edge id="9">
          <condition class="com.rapidminer.operator.learner.tree.LessEqualsSplitCondition" id="10">
            <value>0.222222</value>
            <attributeName>feature14</attributeName>
          </condition>
          <child id="11">
            <label>noncoding</label>
            <children class="linked-list" id="12"/>
            <counterMap class="linked-hash-map" id="13">
              <entry>
                <string>coding</string>
                <int>0</int>
              </entry>
              <entry>
                <string>noncoding</string>
                <int>7</int>
              </entry>
            </counterMap>
          </child>
        </com.rapidminer.operator.learner.tree.Edge>
      </children>
      <counterMap class="linked-hash-map" id="14"/>
    </root>
    <headerExampleSet id="15">
      <attributes class="SimpleAttributes" id="16">
        <attributes class="linked-list" id="17">
          <AttributeRole id="18">
            <special>false</special>
            <attribute class="NumericalAttribute" id="19">
              <attributeDescription id="20">
                <name>feature1</name>
                <valueType>3</valueType>
                <blockType>1</blockType>
                <defaultValue>0.0</defaultValue>
                <index>1</index>
              </attributeDescription>
              <transformations id="21"/>
              <statistics class="linked-list" id="22">
                <NumericalStatistics id="23">
                  <sum>0.0</sum>
                  <squaredSum>0.0</squaredSum>
                  <valueCounter>0</valueCounter>
                </NumericalStatistics>
                <WeightedNumericalStatistics id="24">
                  <sum>0.0</sum>
                  <squaredSum>0.0</squaredSum>
                  <totalWeight>0.0</totalWeight>
                  <count>0.0</count>
                </WeightedNumericalStatistics>
                <com.rapidminer.example.MinMaxStatistics id="25">
                  <minimum>Infinity</minimum>
                  <maximum>-Infinity</maximum>
                </com.rapidminer.example.MinMaxStatistics>
                <UnknownStatistics id="26">
                  <unknownCounter>0</unknownCounter>
                </UnknownStatistics>
              </statistics>
              <constructionDescription>feature1</constructionDescription>
            </attribute>
          </AttributeRole>
          <AttributeRole id="27">
            <special>false</special>
            <attribute class="NumericalAttribute" id="28">
              <attributeDescription id="29">
                <name>feature2</name>
                <valueType>3</valueType>
                <blockType>1</blockType>
                <defaultValue>0.0</defaultValue>
                <index>2</index>
              </attributeDescription>
              <transformations id="30"/>
              <statistics class="linked-list" id="31">
                <NumericalStatistics id="32">
                  <sum>0.0</sum>
                  <squaredSum>0.0</squaredSum>
                  <valueCounter>0</valueCounter>
                </NumericalStatistics>
                <WeightedNumericalStatistics id="33">
                  <sum>0.0</sum>
                  <squaredSum>0.0</squaredSum>
                  <totalWeight>0.0</totalWeight>
                  <count>0.0</count>
                </WeightedNumericalStatistics>
                <com.rapidminer.example.MinMaxStatistics id="34">
                  <minimum>Infinity</minimum>
                  <maximum>-Infinity</maximum>
                </com.rapidminer.example.MinMaxStatistics>
                <UnknownStatistics id="35">
                  <unknownCounter>0</unknownCounter>
                </UnknownStatistics>
              </statistics>
              <constructionDescription>feature2</constructionDescription>
            </attribute>
          </AttributeRole>
          <AttributeRole id="36">
            <special>false</special>
            <attribute class="NumericalAttribute" id="37">
              <attributeDescription id="38">
                <name>feature3</name>
                <valueType>3</valueType>
                <blockType>1</blockType>
                <defaultValue>0.0</defaultValue>
                <index>3</index>
              </attributeDescription>
              <transformations id="39"/>
              <statistics class="linked-list" id="40">
                <NumericalStatistics id="41">
                  <sum>0.0</sum>
                  <squaredSum>0.0</squaredSum>
                  <valueCounter>0</valueCounter>
                </NumericalStatistics>
                <WeightedNumericalStatistics id="42">
                  <sum>0.0</sum>
                  <squaredSum>0.0</squaredSum>
                  <totalWeight>0.0</totalWeight>
                  <count>0.0</count>
                </WeightedNumericalStatistics>
                <com.rapidminer.example.MinMaxStatistics id="43">
                  <minimum>Infinity</minimum>
                  <maximum>-Infinity</maximum>
                </com.rapidminer.example.MinMaxStatistics>
                <UnknownStatistics id="44">
                  <unknownCounter>0</unknownCounter>
                </UnknownStatistics>
              </statistics>
              <constructionDescription>feature3</constructionDescription>
            </attribute>
          </AttributeRole>
          <AttributeRole id="45">
            <special>false</special>
            <attribute class="NumericalAttribute" id="46">
              <attributeDescription id="47">
                <name>feature4</name>
                <valueType>3</valueType>
                <blockType>1</blockType>
                <defaultValue>0.0</defaultValue>
                <index>4</index>
              </attributeDescription>
              <transformations id="48"/>
              <statistics class="linked-list" id="49">
                <NumericalStatistics id="50">
                  <sum>0.0</sum>
                  <squaredSum>0.0</squaredSum>
                  <valueCounter>0</valueCounter>
                </NumericalStatistics>
                <WeightedNumericalStatistics id="51">
                  <sum>0.0</sum>
                  <squaredSum>0.0</squaredSum>
                  <totalWeight>0.0</totalWeight>
                  <count>0.0</count>
                </WeightedNumericalStatistics>
                <com.rapidminer.example.MinMaxStatistics id="52">
                  <minimum>Infinity</minimum>
                  <maximum>-Infinity</maximum>
                </com.rapidminer.example.MinMaxStatistics>
                <UnknownStatistics id="53">
                  <unknownCounter>0</unknownCounter>
                </UnknownStatistics>
              </statistics>
              <constructionDescription>feature4</constructionDescription>
            </attribute>
          </AttributeRole>
          <AttributeRole id="54">
            <special>false</special>
            <attribute class="NumericalAttribute" id="55">
              <attributeDescription id="56">
                <name>feature5</name>
                <valueType>4</valueType>
                <blockType>1</blockType>
                <defaultValue>0.0</defaultValue>
                <index>5</index>
              </attributeDescription>
              <transformations id="57"/>
              <statistics class="linked-list" id="58">
                <NumericalStatistics id="59">
                  <sum>0.0</sum>
                  <squaredSum>0.0</squaredSum>
                  <valueCounter>0</valueCounter>
                </NumericalStatistics>
                <WeightedNumericalStatistics id="60">
                  <sum>0.0</sum>
                  <squaredSum>0.0</squaredSum>
                  <totalWeight>0.0</totalWeight>
                  <count>0.0</count>
                </WeightedNumericalStatistics>
                <com.rapidminer.example.MinMaxStatistics id="61">
                  <minimum>Infinity</minimum>
                  <maximum>-Infinity</maximum>
                </com.rapidminer.example.MinMaxStatistics>
                <UnknownStatistics id="62">
                  <unknownCounter>0</unknownCounter>
                </UnknownStatistics>
              </statistics>
              <constructionDescription>feature5</constructionDescription>
            </attribute>
          </AttributeRole>
          <AttributeRole id="63">
            <special>false</special>
            <attribute class="NumericalAttribute" id="64">
              <attributeDescription id="65">
                <name>feature6</name>
                <valueType>4</valueType>
                <blockType>1</blockType>
                <defaultValue>0.0</defaultValue>
                <index>6</index>
              </attributeDescription>
              <transformations id="66"/>
              <statistics class="linked-list" id="67">
                <NumericalStatistics id="68">
                  <sum>0.0</sum>
                  <squaredSum>0.0</squaredSum>
                  <valueCounter>0</valueCounter>
                </NumericalStatistics>
                <WeightedNumericalStatistics id="69">
                  <sum>0.0</sum>
                  <squaredSum>0.0</squaredSum>
                  <totalWeight>0.0</totalWeight>
                  <count>0.0</count>
                </WeightedNumericalStatistics>
                <com.rapidminer.example.MinMaxStatistics id="70">
                  <minimum>Infinity</minimum>
                  <maximum>-Infinity</maximum>
                </com.rapidminer.example.MinMaxStatistics>
                <UnknownStatistics id="71">
                  <unknownCounter>0</unknownCounter>
                </UnknownStatistics>
              </statistics>
              <constructionDescription>feature6</constructionDescription>
            </attribute>
          </AttributeRole>
          <AttributeRole id="72">
            <special>false</special>
            <attribute class="NumericalAttribute" id="73">
              <attributeDescription id="74">
                <name>feature7</name>
                <valueType>4</valueType>
                <blockType>1</blockType>
                <defaultValue>0.0</defaultValue>
                <index>7</index>
              </attributeDescription>
              <transformations id="75"/>
              <statistics class="linked-list" id="76">
                <NumericalStatistics id="77">
                  <sum>0.0</sum>
                  <squaredSum>0.0</squaredSum>
                  <valueCounter>0</valueCounter>
                </NumericalStatistics>
                <WeightedNumericalStatistics id="78">
                  <sum>0.0</sum>
                  <squaredSum>0.0</squaredSum>
                  <totalWeight>0.0</totalWeight>
                  <count>0.0</count>
                </WeightedNumericalStatistics>
                <com.rapidminer.example.MinMaxStatistics id="79">
                  <minimum>Infinity</minimum>
                  <maximum>-Infinity</maximum>
                </com.rapidminer.example.MinMaxStatistics>
                <UnknownStatistics id="80">
                  <unknownCounter>0</unknownCounter>
                </UnknownStatistics>
              </statistics>
              <constructionDescription>feature7</constructionDescription>
            </attribute>
          </AttributeRole>
          <AttributeRole id="81">
            <special>false</special>
            <attribute class="NumericalAttribute" id="82">
              <attributeDescription id="83">
                <name>feature8</name>
                <valueType>4</valueType>
                <blockType>1</blockType>
                <defaultValue>0.0</defaultValue>
                <index>8</index>
              </attributeDescription>
              <transformations id="84"/>
              <statistics class="linked-list" id="85">
                <NumericalStatistics id="86">
                  <sum>0.0</sum>
                  <squaredSum>0.0</squaredSum>
                  <valueCounter>0</valueCounter>
                </NumericalStatistics>
                <WeightedNumericalStatistics id="87">
                  <sum>0.0</sum>
                  <squaredSum>0.0</squaredSum>
                  <totalWeight>0.0</totalWeight>
                  <count>0.0</count>
                </WeightedNumericalStatistics>
                <com.rapidminer.example.MinMaxStatistics id="88">
                  <minimum>Infinity</minimum>
                  <maximum>-Infinity</maximum>
                </com.rapidminer.example.MinMaxStatistics>
                <UnknownStatistics id="89">
                  <unknownCounter>0</unknownCounter>
                </UnknownStatistics>
              </statistics>
              <constructionDescription>feature8</constructionDescription>
            </attribute>
          </AttributeRole>
          <AttributeRole id="90">
            <special>false</special>
            <attribute class="NumericalAttribute" id="91">
              <attributeDescription id="92">
                <name>feature9</name>
                <valueType>4</valueType>
                <blockType>1</blockType>
                <defaultValue>0.0</defaultValue>
                <index>9</index>
              </attributeDescription>
              <transformations id="93"/>
              <statistics class="linked-list" id="94">
                <NumericalStatistics id="95">
                  <sum>0.0</sum>
                  <squaredSum>0.0</squaredSum>
                  <valueCounter>0</valueCounter>
                </NumericalStatistics>
                <WeightedNumericalStatistics id="96">
                  <sum>0.0</sum>
                  <squaredSum>0.0</squaredSum>
                  <totalWeight>0.0</totalWeight>
                  <count>0.0</count>
                </WeightedNumericalStatistics>
                <com.rapidminer.example.MinMaxStatistics id="97">
                  <minimum>Infinity</minimum>
                  <maximum>-Infinity</maximum>
                </com.rapidminer.example.MinMaxStatistics>
                <UnknownStatistics id="98">
                  <unknownCounter>0</unknownCounter>
                </UnknownStatistics>
              </statistics>
              <constructionDescription>feature9</constructionDescription>
            </attribute>
          </AttributeRole>
          <AttributeRole id="99">
            <special>false</special>
            <attribute class="NumericalAttribute" id="100">
              <attributeDescription id="101">
                <name>feature10</name>
                <valueType>4</valueType>
                <blockType>1</blockType>
                <defaultValue>0.0</defaultValue>
                <index>10</index>
              </attributeDescription>
              <transformations id="102"/>
              <statistics class="linked-list" id="103">
                <NumericalStatistics id="104">
                  <sum>0.0</sum>
                  <squaredSum>0.0</squaredSum>
                  <valueCounter>0</valueCounter>
                </NumericalStatistics>
                <WeightedNumericalStatistics id="105">
                  <sum>0.0</sum>
                  <squaredSum>0.0</squaredSum>
                  <totalWeight>0.0</totalWeight>
                  <count>0.0</count>
                </WeightedNumericalStatistics>
                <com.rapidminer.example.MinMaxStatistics id="106">
                  <minimum>Infinity</minimum>
                  <maximum>-Infinity</maximum>
                </com.rapidminer.example.MinMaxStatistics>
                <UnknownStatistics id="107">
                  <unknownCounter>0</unknownCounter>
                </UnknownStatistics>
              </statistics>
              <constructionDescription>feature10</constructionDescription>
            </attribute>
          </AttributeRole>
          <AttributeRole id="108">
            <special>false</special>
            <attribute class="NumericalAttribute" id="109">
              <attributeDescription id="110">
                <name>feature11</name>
                <valueType>4</valueType>
                <blockType>1</blockType>
                <defaultValue>0.0</defaultValue>
                <index>11</index>
              </attributeDescription>
              <transformations id="111"/>
              <statistics class="linked-list" id="112">
                <NumericalStatistics id="113">
                  <sum>0.0</sum>
                  <squaredSum>0.0</squaredSum>
                  <valueCounter>0</valueCounter>
                </NumericalStatistics>
                <WeightedNumericalStatistics id="114">
                  <sum>0.0</sum>
                  <squaredSum>0.0</squaredSum>
                  <totalWeight>0.0</totalWeight>
                  <count>0.0</count>
                </WeightedNumericalStatistics>
                <com.rapidminer.example.MinMaxStatistics id="115">
                  <minimum>Infinity</minimum>
                  <maximum>-Infinity</maximum>
                </com.rapidminer.example.MinMaxStatistics>
                <UnknownStatistics id="116">
                  <unknownCounter>0</unknownCounter>
                </UnknownStatistics>
              </statistics>
              <constructionDescription>feature11</constructionDescription>
            </attribute>
          </AttributeRole>
          <AttributeRole id="117">
            <special>false</special>
            <attribute class="NumericalAttribute" id="118">
              <attributeDescription id="119">
                <name>feature12</name>
                <valueType>4</valueType>
                <blockType>1</blockType>
                <defaultValue>0.0</defaultValue>
                <index>12</index>
              </attributeDescription>
              <transformations id="120"/>
              <statistics class="linked-list" id="121">
                <NumericalStatistics id="122">
                  <sum>0.0</sum>
                  <squaredSum>0.0</squaredSum>
                  <valueCounter>0</valueCounter>
                </NumericalStatistics>
                <WeightedNumericalStatistics id="123">
                  <sum>0.0</sum>
                  <squaredSum>0.0</squaredSum>
                  <totalWeight>0.0</totalWeight>
                  <count>0.0</count>
                </WeightedNumericalStatistics>
                <com.rapidminer.example.MinMaxStatistics id="124">
                  <minimum>Infinity</minimum>
                  <maximum>-Infinity</maximum>
                </com.rapidminer.example.MinMaxStatistics>
                <UnknownStatistics id="125">
                  <unknownCounter>0</unknownCounter>
                </UnknownStatistics>
              </statistics>
              <constructionDescription>feature12</constructionDescription>
            </attribute>
          </AttributeRole>
          <AttributeRole id="126">
            <special>false</special>
            <attribute class="NumericalAttribute" id="127">
              <attributeDescription id="128">
                <name>feature13</name>
                <valueType>4</valueType>
                <blockType>1</blockType>
                <defaultValue>0.0</defaultValue>
                <index>13</index>
              </attributeDescription>
              <transformations id="129"/>
              <statistics class="linked-list" id="130">
                <NumericalStatistics id="131">
                  <sum>0.0</sum>
                  <squaredSum>0.0</squaredSum>
                  <valueCounter>0</valueCounter>
                </NumericalStatistics>
                <WeightedNumericalStatistics id="132">
                  <sum>0.0</sum>
                  <squaredSum>0.0</squaredSum>
                  <totalWeight>0.0</totalWeight>
                  <count>0.0</count>
                </WeightedNumericalStatistics>
                <com.rapidminer.example.MinMaxStatistics id="133">
                  <minimum>Infinity</minimum>
                  <maximum>-Infinity</maximum>
                </com.rapidminer.example.MinMaxStatistics>
                <UnknownStatistics id="134">
                  <unknownCounter>0</unknownCounter>
                </UnknownStatistics>
              </statistics>
              <constructionDescription>feature13</constructionDescription>
            </attribute>
          </AttributeRole>
          <AttributeRole id="135">
            <special>false</special>
            <attribute class="NumericalAttribute" id="136">
              <attributeDescription id="137">
                <name>feature14</name>
                <valueType>4</valueType>
                <blockType>1</blockType>
                <defaultValue>0.0</defaultValue>
                <index>14</index>
              </attributeDescription>
              <transformations id="138"/>
              <statistics class="linked-list" id="139">
                <NumericalStatistics id="140">
                  <sum>0.0</sum>
                  <squaredSum>0.0</squaredSum>
                  <valueCounter>0</valueCounter>
                </NumericalStatistics>
                <WeightedNumericalStatistics id="141">
                  <sum>0.0</sum>
                  <squaredSum>0.0</squaredSum>
                  <totalWeight>0.0</totalWeight>
                  <count>0.0</count>
                </WeightedNumericalStatistics>
                <com.rapidminer.example.MinMaxStatistics id="142">
                  <minimum>Infinity</minimum>
                  <maximum>-Infinity</maximum>
                </com.rapidminer.example.MinMaxStatistics>
                <UnknownStatistics id="143">
                  <unknownCounter>0</unknownCounter>
                </UnknownStatistics>
              </statistics>
              <constructionDescription>feature14</constructionDescription>
            </attribute>
          </AttributeRole>
          <AttributeRole id="144">
            <special>false</special>
            <attribute class="NumericalAttribute" id="145">
              <attributeDescription id="146">
                <name>feature15</name>
                <valueType>4</valueType>
                <blockType>1</blockType>
                <defaultValue>0.0</defaultValue>
                <index>15</index>
              </attributeDescription>
              <transformations id="147"/>
              <statistics class="linked-list" id="148">
                <NumericalStatistics id="149">
                  <sum>0.0</sum>
                  <squaredSum>0.0</squaredSum>
                  <valueCounter>0</valueCounter>
                </NumericalStatistics>
                <WeightedNumericalStatistics id="150">
                  <sum>0.0</sum>
                  <squaredSum>0.0</squaredSum>
                  <totalWeight>0.0</totalWeight>
                  <count>0.0</count>
                </WeightedNumericalStatistics>
                <com.rapidminer.example.MinMaxStatistics id="151">
                  <minimum>Infinity</minimum>
                  <maximum>-Infinity</maximum>
                </com.rapidminer.example.MinMaxStatistics>
                <UnknownStatistics id="152">
                  <unknownCounter>0</unknownCounter>
                </UnknownStatistics>
              </statistics>
              <constructionDescription>feature15</constructionDescription>
            </attribute>
          </AttributeRole>
          <AttributeRole id="153">
            <special>false</special>
            <attribute class="NumericalAttribute" id="154">
              <attributeDescription id="155">
                <name>feature16</name>
                <valueType>4</valueType>
                <blockType>1</blockType>
                <defaultValue>0.0</defaultValue>
                <index>16</index>
              </attributeDescription>
              <transformations id="156"/>
              <statistics class="linked-list" id="157">
                <NumericalStatistics id="158">
                  <sum>0.0</sum>
                  <squaredSum>0.0</squaredSum>
                  <valueCounter>0</valueCounter>
                </NumericalStatistics>
                <WeightedNumericalStatistics id="159">
                  <sum>0.0</sum>
                  <squaredSum>0.0</squaredSum>
                  <totalWeight>0.0</totalWeight>
                  <count>0.0</count>
                </WeightedNumericalStatistics>
                <com.rapidminer.example.MinMaxStatistics id="160">
                  <minimum>Infinity</minimum>
                  <maximum>-Infinity</maximum>
                </com.rapidminer.example.MinMaxStatistics>
                <UnknownStatistics id="161">
                  <unknownCounter>0</unknownCounter>
                </UnknownStatistics>
              </statistics>
              <constructionDescription>feature16</constructionDescription>
            </attribute>
          </AttributeRole>
          <AttributeRole id="162">
            <special>false</special>
            <attribute class="NumericalAttribute" id="163">
              <attributeDescription id="164">
                <name>feature17</name>
                <valueType>4</valueType>
                <blockType>1</blockType>
                <defaultValue>0.0</defaultValue>
                <index>17</index>
              </attributeDescription>
              <transformations id="165"/>
              <statistics class="linked-list" id="166">
                <NumericalStatistics id="167">
                  <sum>0.0</sum>
                  <squaredSum>0.0</squaredSum>
                  <valueCounter>0</valueCounter>
                </NumericalStatistics>
                <WeightedNumericalStatistics id="168">
                  <sum>0.0</sum>
                  <squaredSum>0.0</squaredSum>
                  <totalWeight>0.0</totalWeight>
                  <count>0.0</count>
                </WeightedNumericalStatistics>
                <com.rapidminer.example.MinMaxStatistics id="169">
                  <minimum>Infinity</minimum>
                  <maximum>-Infinity</maximum>
                </com.rapidminer.example.MinMaxStatistics>
                <UnknownStatistics id="170">
                  <unknownCounter>0</unknownCounter>
                </UnknownStatistics>
              </statistics>
              <constructionDescription>feature17</constructionDescription>
            </attribute>
          </AttributeRole>
          <AttributeRole id="171">
            <special>false</special>
            <attribute class="NumericalAttribute" id="172">
              <attributeDescription id="173">
                <name>feature18</name>
                <valueType>4</valueType>
                <blockType>1</blockType>
                <defaultValue>0.0</defaultValue>
                <index>18</index>
              </attributeDescription>
              <transformations id="174"/>
              <statistics class="linked-list" id="175">
                <NumericalStatistics id="176">
                  <sum>0.0</sum>
                  <squaredSum>0.0</squaredSum>
                  <valueCounter>0</valueCounter>
                </NumericalStatistics>
                <WeightedNumericalStatistics id="177">
                  <sum>0.0</sum>
                  <squaredSum>0.0</squaredSum>
                  <totalWeight>0.0</totalWeight>
                  <count>0.0</count>
                </WeightedNumericalStatistics>
                <com.rapidminer.example.MinMaxStatistics id="178">
                  <minimum>Infinity</minimum>
                  <maximum>-Infinity</maximum>
                </com.rapidminer.example.MinMaxStatistics>
                <UnknownStatistics id="179">
                  <unknownCounter>0</unknownCounter>
                </UnknownStatistics>
              </statistics>
              <constructionDescription>feature18</constructionDescription>
            </attribute>
          </AttributeRole>
          <AttributeRole id="180">
            <special>false</special>
            <attribute class="NumericalAttribute" id="181">
              <attributeDescription id="182">
                <name>feature19</name>
                <valueType>4</valueType>
                <blockType>1</blockType>
                <defaultValue>0.0</defaultValue>
                <index>19</index>
              </attributeDescription>
              <transformations id="183"/>
              <statistics class="linked-list" id="184">
                <NumericalStatistics id="185">
                  <sum>0.0</sum>
                  <squaredSum>0.0</squaredSum>
                  <valueCounter>0</valueCounter>
                </NumericalStatistics>
                <WeightedNumericalStatistics id="186">
                  <sum>0.0</sum>
                  <squaredSum>0.0</squaredSum>
                  <totalWeight>0.0</totalWeight>
                  <count>0.0</count>
                </WeightedNumericalStatistics>
                <com.rapidminer.example.MinMaxStatistics id="187">
                  <minimum>Infinity</minimum>
                  <maximum>-Infinity</maximum>
                </com.rapidminer.example.MinMaxStatistics>
                <UnknownStatistics id="188">
                  <unknownCounter>0</unknownCounter>
                </UnknownStatistics>
              </statistics>
              <constructionDescription>feature19</constructionDescription>
            </attribute>
          </AttributeRole>
          <AttributeRole id="189">
            <special>false</special>
            <attribute class="NumericalAttribute" id="190">
              <attributeDescription id="191">
                <name>feature20</name>
                <valueType>4</valueType>
                <blockType>1</blockType>
                <defaultValue>0.0</defaultValue>
                <index>20</index>
              </attributeDescription>
              <transformations id="192"/>
              <statistics class="linked-list" id="193">
                <NumericalStatistics id="194">
                  <sum>0.0</sum>
                  <squaredSum>0.0</squaredSum>
                  <valueCounter>0</valueCounter>
                </NumericalStatistics>
                <WeightedNumericalStatistics id="195">
                  <sum>0.0</sum>
                  <squaredSum>0.0</squaredSum>
                  <totalWeight>0.0</totalWeight>
                  <count>0.0</count>
                </WeightedNumericalStatistics>
                <com.rapidminer.example.MinMaxStatistics id="196">
                  <minimum>Infinity</minimum>
                  <maximum>-Infinity</maximum>
                </com.rapidminer.example.MinMaxStatistics>
                <UnknownStatistics id="197">
                  <unknownCounter>0</unknownCounter>
                </UnknownStatistics>
              </statistics>
              <constructionDescription>feature20</constructionDescription>
            </attribute>
          </AttributeRole>
          <AttributeRole id="198">
            <special>true</special>
            <specialName>label</specialName>
            <attribute class="PolynominalAttribute" id="199">
              <nominalMapping class="PolynominalMapping" id="200">
                <symbolToIndexMap id="201">
                  <entry>
                    <string>noncoding</string>
                    <int>1</int>
                  </entry>
                  <entry>
                    <string>coding</string>
                    <int>0</int>
                  </entry>
                </symbolToIndexMap>
                <indexToSymbolMap id="202">
                  <string>coding</string>
                  <string>noncoding</string>
                </indexToSymbolMap>
              </nominalMapping>
              <attributeDescription id="203">
                <name>classification</name>
                <valueType>1</valueType>
                <blockType>1</blockType>
                <defaultValue>0.0</defaultValue>
                <index>21</index>
              </attributeDescription>
              <transformations id="204"/>
              <statistics class="linked-list" id="205">
                <NominalStatistics id="206">
                  <mode>1</mode>
                  <maxCounter>8</maxCounter>
                  <scores id="207">
                    <long>2</long>
                    <long>8</long>
                  </scores>
                </NominalStatistics>
                <UnknownStatistics id="208">
                  <unknownCounter>0</unknownCounter>
                </UnknownStatistics>
              </statistics>
              <constructionDescription>classification</constructionDescription>
            </attribute>
          </AttributeRole>
        </attributes>
      </attributes>
      <statisticsMap id="209"/>
      <idMap id="210"/>
    </headerExampleSet>
    <source>Decision Tree (1)</source>
  </TreeModel>
</object-stream>